id,routineId,exerciseId,memberId,sessionLogId,setsCompleted,repsCompleted,weightUsed,notes,date
"cmt7rrkrx000drow1ukuxzwuo","cmt63fqxq0001cnwqlbdudtt7","cmt1wciyw00009yldzko8mc88","cmt1wzns60000ipge23uphk21","cmt7rrcij000brow1pmhfrfdy","1","10","80",,"2026-08-24T21:49:57.358Z"
"cmt7rrne1000frow1qtm6d1fq","cmt63fqxq0001cnwqlbdudtt7","cmt1wciyw00009yldzko8mc88","cmt1wzns60000ipge23uphk21","cmt7rrcij000brow1pmhfrfdy","1","10","80",,"2026-08-24T21:50:00.629Z"
"cmt7rrpwr000hrow1hk7p75vg","cmt63fqxq0001cnwqlbdudtt7","cmt1wciyw00009yldzko8mc88","cmt1wzns60000ipge23uphk21","cmt7rrcij000brow1pmhfrfdy","1","10","80",,"2026-08-24T21:50:04.012Z"
"cmt964h630003dabvel867di0","cmt63fqxq0001cnwqlbdudtt7","cmt1wck2g000e9yld4xr43xd3","cmt1wzns60000ipge23uphk21","cmt963x6r0001dabvg1j42ty7","1","10","50",,"2026-08-25T21:19:40.011Z"
"cmt9650an0005dabvz4zvz1pp","cmt63fqxq0001cnwqlbdudtt7","cmt1wck2g000e9yld4xr43xd3","cmt1wzns60000ipge23uphk21","cmt963x6r0001dabvg1j42ty7","1","10","50",,"2026-08-25T21:20:04.800Z"
"cmt96541y0007dabvw90ugik0","cmt63fqxq0001cnwqlbdudtt7","cmt1wck2g000e9yld4xr43xd3","cmt1wzns60000ipge23uphk21","cmt963x6r0001dabvg1j42ty7","1","10","50",,"2026-08-25T21:20:09.671Z"
"cmt965baq0009dabvkbrciwn3","cmt63fqxq0001cnwqlbdudtt7","cmt33as87009iypj1w4df4hbw","cmt1wzns60000ipge23uphk21","cmt963x6r0001dabvg1j42ty7","1","10","20",,"2026-08-25T21:20:19.059Z"
"cmt965dti000bdabvxy1mjnnx","cmt63fqxq0001cnwqlbdudtt7","cmt33as87009iypj1w4df4hbw","cmt1wzns60000ipge23uphk21","cmt963x6r0001dabvg1j42ty7","1","10","20",,"2026-08-25T21:20:22.327Z"
"cmt965g93000ddabvocu09wxl","cmt63fqxq0001cnwqlbdudtt7","cmt33as87009iypj1w4df4hbw","cmt1wzns60000ipge23uphk21","cmt963x6r0001dabvg1j42ty7","1","10","20",,"2026-08-25T21:20:25.479Z"
"cmt96ugd600011i0urz9s28xs","cmt63fqxq0001cnwqlbdudtt7","cmt1wck7k000g9ylds1f74e5f","cmt1wzns60000ipge23uphk21","cmt963x6r0001dabvg1j42ty7","1","10","10",,"2026-08-25T21:39:52.027Z"
"cmt96uixc00031i0ugl66ku8u","cmt63fqxq0001cnwqlbdudtt7","cmt1wck7k000g9ylds1f74e5f","cmt1wzns60000ipge23uphk21","cmt963x6r0001dabvg1j42ty7","1","10","10",,"2026-08-25T21:39:55.345Z"
"cmt96ulr300051i0ussie7p6b","cmt63fqxq0001cnwqlbdudtt7","cmt1wck7k000g9ylds1f74e5f","cmt1wzns60000ipge23uphk21","cmt963x6r0001dabvg1j42ty7","1","10","10",,"2026-08-25T21:39:59.008Z"
"cmt96utjf00071i0ujo33lpr4","cmt63fqxq0001cnwqlbdudtt7","cmt1wckgy000k9yld3uhbxcmz","cmt1wzns60000ipge23uphk21","cmt963x6r0001dabvg1j42ty7","1","10","10",,"2026-08-25T21:40:09.099Z"
"cmt96uyjt00091i0uuqi3mbwc","cmt63fqxq0001cnwqlbdudtt7","cmt1wckgy000k9yld3uhbxcmz","cmt1wzns60000ipge23uphk21","cmt963x6r0001dabvg1j42ty7","1","10","10",,"2026-08-25T21:40:15.593Z"
"cmt96v24x000b1i0u3vbb3wx2","cmt63fqxq0001cnwqlbdudtt7","cmt1wckgy000k9yld3uhbxcmz","cmt1wzns60000ipge23uphk21","cmt963x6r0001dabvg1j42ty7","1","10","10",,"2026-08-25T21:40:20.241Z"
"cmt96v8pz000d1i0u972gtkjo","cmt63fqxq0001cnwqlbdudtt7","cmt1wcku0000p9yldlixr5utq","cmt1wzns60000ipge23uphk21","cmt963x6r0001dabvg1j42ty7","1","10","10",,"2026-08-25T21:40:28.775Z"
"cmt96vb8b000f1i0u4xze20wz","cmt63fqxq0001cnwqlbdudtt7","cmt1wcku0000p9yldlixr5utq","cmt1wzns60000ipge23uphk21","cmt963x6r0001dabvg1j42ty7","1","10","10",,"2026-08-25T21:40:32.027Z"
"cmt96vdqh000h1i0uzw01paxp","cmt63fqxq0001cnwqlbdudtt7","cmt1wcku0000p9yldlixr5utq","cmt1wzns60000ipge23uphk21","cmt963x6r0001dabvg1j42ty7","1","10","10",,"2026-08-25T21:40:35.273Z"
"cmt96vs0d000j1i0ud4alavlg","cmt63fqxq0001cnwqlbdudtt7","cmt1wckrp000o9yldwght3fhg","cmt1wzns60000ipge23uphk21","cmt963x6r0001dabvg1j42ty7","1","10","10",,"2026-08-25T21:40:53.773Z"
"cmt96vwg8000l1i0ul7u5erkc","cmt63fqxq0001cnwqlbdudtt7","cmt1wckrp000o9yldwght3fhg","cmt1wzns60000ipge23uphk21","cmt963x6r0001dabvg1j42ty7","1","10","10",,"2026-08-25T21:40:59.528Z"
"cmt96vzno000n1i0ukdvwboya","cmt63fqxq0001cnwqlbdudtt7","cmt1wckrp000o9yldwght3fhg","cmt1wzns60000ipge23uphk21","cmt963x6r0001dabvg1j42ty7","1","10","10",,"2026-08-25T21:41:03.684Z"
"cmt96w6iw000p1i0u8vqlqr72","cmt63fqxq0001cnwqlbdudtt7","cmt1wckwc000q9yldx9h39v95","cmt1wzns60000ipge23uphk21","cmt963x6r0001dabvg1j42ty7","1","10","20",,"2026-08-25T21:41:12.585Z"
"cmt96w91b000r1i0uv20ow1nh","cmt63fqxq0001cnwqlbdudtt7","cmt1wckwc000q9yldx9h39v95","cmt1wzns60000ipge23uphk21","cmt963x6r0001dabvg1j42ty7","1","10","20",,"2026-08-25T21:41:15.840Z"
"cmt96wbsm000t1i0u6nwluuzs","cmt63fqxq0001cnwqlbdudtt7","cmt1wckwc000q9yldx9h39v95","cmt1wzns60000ipge23uphk21","cmt963x6r0001dabvg1j42ty7","1","10","20",,"2026-08-25T21:41:19.414Z"
"cmtbu6z9j000389509sv8txy3","cmt63fqxq0001cnwqlbdudtt7","cmt1wcl3l000t9yldu1yg9vwg","cmt1wzns60000ipge23uphk21","cmtbu6b2c00018950gycr28el","1","10","80",,"2026-08-27T18:08:59.911Z"
"cmtbu77x000058950m7momuns","cmt63fqxq0001cnwqlbdudtt7","cmt1wcl3l000t9yldu1yg9vwg","cmt1wzns60000ipge23uphk21","cmtbu6b2c00018950gycr28el","1","10","80",,"2026-08-27T18:09:11.125Z"
"cmtbu7c58000789504uuoml4c","cmt63fqxq0001cnwqlbdudtt7","cmt1wcl3l000t9yldu1yg9vwg","cmt1wzns60000ipge23uphk21","cmtbu6b2c00018950gycr28el","1","10","80",,"2026-08-27T18:09:16.605Z"
"cmtbu7sy400098950jw27k6n6","cmt63fqxq0001cnwqlbdudtt7","cmt1wcjvc000c9yldxsamglp5","cmt1wzns60000ipge23uphk21","cmtbu6b2c00018950gycr28el","1","10","100",,"2026-08-27T18:09:38.380Z"
"cmtbu7xir000b8950kbgqbgph","cmt63fqxq0001cnwqlbdudtt7","cmt1wcjvc000c9yldxsamglp5","cmt1wzns60000ipge23uphk21","cmtbu6b2c00018950gycr28el","1","10","100",,"2026-08-27T18:09:44.307Z"
"cmtbu80mn000d8950ckrr1dut","cmt63fqxq0001cnwqlbdudtt7","cmt1wcjvc000c9yldxsamglp5","cmt1wzns60000ipge23uphk21","cmtbu6b2c00018950gycr28el","1","10","100",,"2026-08-27T18:09:48.335Z"
"cmtbu89bl000f8950p8rg3vp2","cmt63fqxq0001cnwqlbdudtt7","cmt1wclaq000w9yldzyk12ehl","cmt1wzns60000ipge23uphk21","cmtbu6b2c00018950gycr28el","1","10","60",,"2026-08-27T18:09:59.601Z"
"cmtbu8bsa000h8950dwnu8wep","cmt63fqxq0001cnwqlbdudtt7","cmt1wclaq000w9yldzyk12ehl","cmt1wzns60000ipge23uphk21","cmtbu6b2c00018950gycr28el","1","10","60",,"2026-08-27T18:10:02.794Z"
"cmtbu8g28000j895044c85f2i","cmt63fqxq0001cnwqlbdudtt7","cmt1wclaq000w9yldzyk12ehl","cmt1wzns60000ipge23uphk21","cmtbu6b2c00018950gycr28el","1","10","60",,"2026-08-27T18:10:08.337Z"
"cmtbu8mfh000l8950f5ckt4v2","cmt63fqxq0001cnwqlbdudtt7","cmt1wcld1000x9yldxuasbajt","cmt1wzns60000ipge23uphk21","cmtbu6b2c00018950gycr28el","1","10","50",,"2026-08-27T18:10:16.590Z"
"cmtbu8ow3000n89504nyr1387","cmt63fqxq0001cnwqlbdudtt7","cmt1wcld1000x9yldxuasbajt","cmt1wzns60000ipge23uphk21","cmtbu6b2c00018950gycr28el","1","10","50",,"2026-08-27T18:10:19.780Z"
"cmtbu8rgn000p89504d3ajkws","cmt63fqxq0001cnwqlbdudtt7","cmt1wcld1000x9yldxuasbajt","cmt1wzns60000ipge23uphk21","cmtbu6b2c00018950gycr28el","1","10","50",,"2026-08-27T18:10:23.111Z"
"cmtbu8yr7000r8950omnq3zhr","cmt63fqxq0001cnwqlbdudtt7","cmt1wclk600109ylda2zsqp9r","cmt1wzns60000ipge23uphk21","cmtbu6b2c00018950gycr28el","1","10","40",,"2026-08-27T18:10:32.564Z"
"cmtbu917r000t895099mj2707","cmt63fqxq0001cnwqlbdudtt7","cmt1wclk600109ylda2zsqp9r","cmt1wzns60000ipge23uphk21","cmtbu6b2c00018950gycr28el","1","10","40",,"2026-08-27T18:10:35.752Z"
"cmtbu949k000v89509r62o71d","cmt63fqxq0001cnwqlbdudtt7","cmt1wclk600109ylda2zsqp9r","cmt1wzns60000ipge23uphk21","cmtbu6b2c00018950gycr28el","1","10","40",,"2026-08-27T18:10:39.704Z"