index,name,issue,similarity,keyword,equipment,duplicateCount
"196","Deslizamiento escapular en pared","DUPLICATE_TAGS","","","",""
"200","Deslizamiento escapular con activación del serrato","DUPLICATE_TAGS","","","",""
"203","Empuje escapular acostado","DUPLICATE_TAGS","","","",""
"205","Rotación externa de hombro con banda","DUPLICATE_TAGS","","","",""
"206","Deslizamientos de hombros contra pared","DUPLICATE_TAGS","","","",""
"213","Extensión de hombros con banda","DUPLICATE_TAGS","","","",""
"218","Puente con foco en isquiotibiales","DUPLICATE_TAGS","","","",""
"221","Sentadilla con talones elevados","DUPLICATE_TAGS","","","",""
"293","Puente alternando piernas","DUPLICATE_TAGS","","","",""
"302","Puente de glúteos controlado","DUPLICATE_TAGS","","","",""
"37","Elevación de talones","DUPLICATE_NAME_DIFFERENT_DATA","","","","2"
"292","Elevación de talones","DUPLICATE_NAME_DIFFERENT_DATA","","","","2"
"48","Burpees","DUPLICATE_NAME_DIFFERENT_DATA","","","","2"
"282","Burpees","DUPLICATE_NAME_DIFFERENT_DATA","","","","2"
"53","Turkish get-up","DUPLICATE_NAME_DIFFERENT_DATA","","","","2"
"247","Turkish Get Up","DUPLICATE_NAME_DIFFERENT_DATA","","","","2"
"65","Gato-vaca","DUPLICATE_NAME_DIFFERENT_DATA","","","","3"
"237","Gato vaca","DUPLICATE_NAME_DIFFERENT_DATA","","","","3"
"334","Gato-vaca","DUPLICATE_NAME_DIFFERENT_DATA","","","","3"
"75","Estiramiento de hombros","DUPLICATE_NAME_DIFFERENT_DATA","","","","2"
"153","Estiramiento de hombros","DUPLICATE_NAME_DIFFERENT_DATA","","","","2"
"78","Estiramiento de espalda","DUPLICATE_NAME_DIFFERENT_DATA","","","","2"
"152","Estiramiento de espalda","DUPLICATE_NAME_DIFFERENT_DATA","","","","2"
"80","Postura del niño","DUPLICATE_NAME_DIFFERENT_DATA","","","","2"
"109","Postura del Niño","DUPLICATE_NAME_DIFFERENT_DATA","","","","2"
"86","Estiramiento de Glúteos acostado","DUPLICATE_NAME_DIFFERENT_DATA","","","","2"
"111","Estiramiento de Glúteos acostado","DUPLICATE_NAME_DIFFERENT_DATA","","","","2"
"92","Rotación de Cuello","DUPLICATE_NAME_DIFFERENT_DATA","","","","2"
"562","Rotación de cuello","DUPLICATE_NAME_DIFFERENT_DATA","","","","2"
"104","Estiramiento de Isquiotibiales sentado","DUPLICATE_NAME_DIFFERENT_DATA","","","","2"
"107","Estiramiento de Isquiotibiales sentado","DUPLICATE_NAME_DIFFERENT_DATA","","","","2"
"145","Rotaciones de cuello","DUPLICATE_NAME_DIFFERENT_DATA","","","","2"
"189","Rotaciones de cuello","DUPLICATE_NAME_DIFFERENT_DATA","","","","2"
"147","Caminata de oso","DUPLICATE_NAME_DIFFERENT_DATA","","","","2"
"318","Caminata de oso","DUPLICATE_NAME_DIFFERENT_DATA","","","","2"
"220","Sentadilla contra pared","DUPLICATE_NAME_DIFFERENT_DATA","","","","2"
"268","Sentadilla contra pared","DUPLICATE_NAME_DIFFERENT_DATA","","","","2"
"242","Plancha lateral","DUPLICATE_NAME_DIFFERENT_DATA","","","","2"
"447","Plancha lateral","DUPLICATE_NAME_DIFFERENT_DATA","","","","2"
"257","Shuffle reactivo","DUPLICATE_NAME_DIFFERENT_DATA","","","","2"
"261","Shuffle reactivo","DUPLICATE_NAME_DIFFERENT_DATA","","","","2"
"279","Sprint en pendiente","DUPLICATE_NAME_DIFFERENT_DATA","","","","2"
"495","Sprint en pendiente","DUPLICATE_NAME_DIFFERENT_DATA","","","","2"
"296","Mountain climber lento","DUPLICATE_NAME_DIFFERENT_DATA","","","","2"
"486","Mountain climber lento","DUPLICATE_NAME_DIFFERENT_DATA","","","","2"
"387","Sentadilla sissy","DUPLICATE_NAME_DIFFERENT_DATA","","","","2"
"653","Sentadilla sissy","DUPLICATE_NAME_DIFFERENT_DATA","","","","2"
"471","Step up lateral","DUPLICATE_NAME_DIFFERENT_DATA","","","","2"
"534","Step-up lateral","DUPLICATE_NAME_DIFFERENT_DATA","","","","2"
"591","Relajación progresiva de cuello","DUPLICATE_NAME_DIFFERENT_DATA","","","","2"
"755","Relajación progresiva de cuello","DUPLICATE_NAME_DIFFERENT_DATA","","","","2"
"7","Pull-over","GENERIC_DESCRIPTION","","","",""
"20","Face pull","GENERIC_DESCRIPTION","","","",""
"27","Extensiones en polea","GENERIC_DESCRIPTION","","","",""
"117","Salto al cajón","LOW_NAME_DESCRIPTION_RELATION","0.048","","",""
"118","Salto con peso corporal","LOW_NAME_DESCRIPTION_RELATION","0.056","","",""
"119","Lunges saltados","LOW_NAME_DESCRIPTION_RELATION","0","","",""
"120","Clapping push-ups","LOW_NAME_DESCRIPTION_RELATION","0","","",""
"121","Broad jump","LOW_NAME_DESCRIPTION_RELATION","0","","",""
"122","Tuck jump","LOW_NAME_DESCRIPTION_RELATION","0","","",""
"124","Skater jumps","LOW_NAME_DESCRIPTION_RELATION","0","","",""
"127","Pájaro en bosu","LOW_NAME_DESCRIPTION_RELATION","0.053","","",""
"128","Single leg deadlift","LOW_NAME_DESCRIPTION_RELATION","0","","",""
"140","Jumping jacks","LOW_NAME_DESCRIPTION_RELATION","0","","",""
"142","Arm circles","LOW_NAME_DESCRIPTION_RELATION","0","","",""
"143","Leg swings","LOW_NAME_DESCRIPTION_RELATION","0","","",""
"144","Trotar en el lugar","LOW_NAME_DESCRIPTION_RELATION","0","","",""
"150","Caminata lenta","GENERIC_DESCRIPTION","","","",""
"151","Respiración diafragmática","GENERIC_DESCRIPTION","","","",""
"152","Estiramiento de espalda","GENERIC_DESCRIPTION","","","",""
"153","Estiramiento de hombros","GENERIC_DESCRIPTION","","","",""
"154","Estiramiento de piernas","GENERIC_DESCRIPTION","","","",""
"155","Foam roller de espalda","GENERIC_DESCRIPTION","","","",""
"156","Shavasana","GENERIC_DESCRIPTION","","","",""
"157","Meditación","GENERIC_DESCRIPTION","","","",""
"158","Vacío abdominal","LOW_NAME_DESCRIPTION_RELATION","0","","",""
"159","Kegel","LOW_NAME_DESCRIPTION_RELATION","0","","",""
"160","Respiración costal","LOW_NAME_DESCRIPTION_RELATION","0","","",""
"161","Activación glútea","LOW_NAME_DESCRIPTION_RELATION","0","","",""
"163","Masaje con pelota","GENERIC_DESCRIPTION","","","",""
"164","Rotaciones de cadera en 90/90","GENERIC_DESCRIPTION","","","",""
"184","Retracción de mentón","GENERIC_DESCRIPTION","","","",""
"195","Rechazo escapular","LOW_NAME_DESCRIPTION_RELATION","0.059","","",""
"201","Depresión escapular","LOW_NAME_DESCRIPTION_RELATION","0.056","","",""
"202","Rotaciones escapulares","LOW_NAME_DESCRIPTION_RELATION","0","","",""
"219","Estocada isométrica","LOW_NAME_DESCRIPTION_RELATION","0.059","","",""
"236","Perro ave","LOW_NAME_DESCRIPTION_RELATION","0","","",""
"237","Gato vaca","LOW_NAME_DESCRIPTION_RELATION","0","","",""
"242","Plancha lateral","GENERIC_DESCRIPTION","","","",""
"245","Tire Flip","LOW_NAME_DESCRIPTION_RELATION","0","","",""
"249","Sprint multidireccional","LOW_NAME_DESCRIPTION_RELATION","0","","",""
"254","Cone Shuttle","LOW_NAME_DESCRIPTION_RELATION","0","","",""
"255","Power Clean","LOW_NAME_DESCRIPTION_RELATION","0","","",""
"256","Salto reactivo","LOW_NAME_DESCRIPTION_RELATION","0","","",""
"257","Shuffle reactivo","LOW_NAME_DESCRIPTION_RELATION","0.048","","",""
"258","Sprint reactivo","LOW_NAME_DESCRIPTION_RELATION","0.063","","",""
"261","Shuffle reactivo","LOW_NAME_DESCRIPTION_RELATION","0.056","","",""
"262","Step Jacks","LOW_NAME_DESCRIPTION_RELATION","0","","",""
"263","Marcha con rodillas elevadas","LOW_NAME_DESCRIPTION_RELATION","0.056","","",""
"264","Medio burpee","LOW_NAME_DESCRIPTION_RELATION","0.05","","",""
"267","Plancha con paso lateral","LOW_NAME_DESCRIPTION_RELATION","0.059","","",""
"270","Subidas al cajón","LOW_NAME_DESCRIPTION_RELATION","0.071","","",""
"274","Remo en plancha","LOW_NAME_DESCRIPTION_RELATION","0.05","","",""
"275","Swing con kettlebell","LOW_NAME_DESCRIPTION_RELATION","0.059","","",""
"280","Thruster con peso","LOW_NAME_DESCRIPTION_RELATION","0.059","","",""
"282","Burpees","LOW_NAME_DESCRIPTION_RELATION","0","","",""
"285","Skipping HIIT","LOW_NAME_DESCRIPTION_RELATION","0","","",""
"286","Saltos laterales","LOW_NAME_DESCRIPTION_RELATION","0.059","","",""
"289","Saltos al cajón","LOW_NAME_DESCRIPTION_RELATION","0.053","","",""
"290","Thrusters HIIT","LOW_NAME_DESCRIPTION_RELATION","0","","",""
"300","Equilibrio sobre una pierna","LOW_NAME_DESCRIPTION_RELATION","0.056","","",""
"305","Bear hold controlado","LOW_NAME_DESCRIPTION_RELATION","0","","",""
"306","Alcance controlado en pared","LOW_NAME_DESCRIPTION_RELATION","0.053","","",""
"308","Sentadilla muy lenta","LOW_NAME_DESCRIPTION_RELATION","0.05","","",""
"309","Zancada controlada","LOW_NAME_DESCRIPTION_RELATION","0.063","","",""
"313","Marcha coordinada","LOW_NAME_DESCRIPTION_RELATION","0.056","","",""
"314","Rodillas altas coordinadas","LOW_NAME_DESCRIPTION_RELATION","0.063","","",""
"315","Paso lateral cruzado","LOW_NAME_DESCRIPTION_RELATION","0.056","","",""
"318","Caminata de oso","LOW_NAME_DESCRIPTION_RELATION","0","","",""
"319","Pasos laterales rápidos","LOW_NAME_DESCRIPTION_RELATION","0","","",""
"322","Paso lateral alternado","LOW_NAME_DESCRIPTION_RELATION","0.077","","",""
"324","Saltos coordinados","LOW_NAME_DESCRIPTION_RELATION","0","","",""
"333","Rotaciones torácicas","LOW_NAME_DESCRIPTION_RELATION","0","","",""
"334","Gato-vaca","LOW_NAME_DESCRIPTION_RELATION","0","","",""
"483","Caminata rápida","LOW_NAME_DESCRIPTION_RELATION","0","","",""
"485","Burpees con push-up","LOW_NAME_DESCRIPTION_RELATION","0","","",""
"486","Mountain climber lento","LOW_NAME_DESCRIPTION_RELATION","0","","",""
"493","Remo HIIT","LOW_NAME_DESCRIPTION_RELATION","0.05","","",""
"496","Escalador de montaña","LOW_NAME_DESCRIPTION_RELATION","0.045","","",""
"497","Bird dog contralateral","LOW_NAME_DESCRIPTION_RELATION","0.048","","",""
"498","Sled reverse","LOW_NAME_DESCRIPTION_RELATION","0","","",""
"500","Farmer carry con giro","LOW_NAME_DESCRIPTION_RELATION","0.053","","",""
"502","Sled lateral push","LOW_NAME_DESCRIPTION_RELATION","0.067","","",""
"503","Bear crawl","LOW_NAME_DESCRIPTION_RELATION","0","","",""
"506","Kettlebell goblet squat","LOW_NAME_DESCRIPTION_RELATION","0.056","","",""
"508","Farmer suitcase carry","LOW_NAME_DESCRIPTION_RELATION","0.042","","",""
"509","Box lateral jump","LOW_NAME_DESCRIPTION_RELATION","0.053","","",""
"511","Bird dog","LOW_NAME_DESCRIPTION_RELATION","0","","",""
"718","Marcha lateral","LOW_NAME_DESCRIPTION_RELATION","0.048","","",""
"223","Subida en reversa al step","NAME_EQUIPMENT_POSSIBLE_MISMATCH","","step","Peso corporal",""
"262","Step Jacks","NAME_EQUIPMENT_POSSIBLE_MISMATCH","","step","Peso corporal",""
"397","Hip thrust con barra smith","NAME_EQUIPMENT_POSSIBLE_MISMATCH","","barra","Máquina Smith",""
"458","Step up con mancuerna","NAME_EQUIPMENT_POSSIBLE_MISMATCH","","step","Mancuernas",""
"471","Step up lateral","NAME_EQUIPMENT_POSSIBLE_MISMATCH","","step","Banco",""
"472","Step up con salto","NAME_EQUIPMENT_POSSIBLE_MISMATCH","","step","Banco",""
"492","Step up rápido","NAME_EQUIPMENT_POSSIBLE_MISMATCH","","step","Banco",""
"523","Step-up con press","NAME_EQUIPMENT_POSSIBLE_MISMATCH","","step","Mancuernas",""
"534","Step-up lateral","NAME_EQUIPMENT_POSSIBLE_MISMATCH","","step","Banco",""
"619","Plyo step-jump","NAME_EQUIPMENT_POSSIBLE_MISMATCH","","step","Banco",""
"622","Plyo step-over","NAME_EQUIPMENT_POSSIBLE_MISMATCH","","step","Cajón pliométrico",""
"634","Plyo lateral step-up","NAME_EQUIPMENT_POSSIBLE_MISMATCH","","step","Banco",""
"638","Plyo step-down","NAME_EQUIPMENT_POSSIBLE_MISMATCH","","step","Banco",""
"643","Plyo step-up","NAME_EQUIPMENT_POSSIBLE_MISMATCH","","step","Banco",""
"55","Desplantes laterales","TAGS_DO_NOT_REFLECT_NAME","","","",""
"70","Thoracic rotation","TAGS_DO_NOT_REFLECT_NAME","","","",""
"117","Salto al cajón","TAGS_DO_NOT_REFLECT_NAME","","","",""
"118","Salto con peso corporal","TAGS_DO_NOT_REFLECT_NAME","","","",""
"119","Lunges saltados","TAGS_DO_NOT_REFLECT_NAME","","","",""
"195","Rechazo escapular","TAGS_DO_NOT_REFLECT_NAME","","","",""
"202","Rotaciones escapulares","TAGS_DO_NOT_REFLECT_NAME","","","",""
"203","Empuje escapular acostado","TAGS_DO_NOT_REFLECT_NAME","","","",""
"215","Descenso desde cajón","TAGS_DO_NOT_REFLECT_NAME","","","",""
"223","Subida en reversa al step","TAGS_DO_NOT_REFLECT_NAME","","","",""
"226","Elevación sobre las puntas de los pies","TAGS_DO_NOT_REFLECT_NAME","","","",""
"227","Elevación de la punta del pie","TAGS_DO_NOT_REFLECT_NAME","","","",""
"234","Inclinación pélvica","TAGS_DO_NOT_REFLECT_NAME","","","",""
"250","Escalera de sprints","TAGS_DO_NOT_REFLECT_NAME","","","",""
"303","Caminata talón-punta","TAGS_DO_NOT_REFLECT_NAME","","","",""
"310","Sostén de brazo extendido","TAGS_DO_NOT_REFLECT_NAME","","","",""
"317","Toque de rodilla con mano opuesta","TAGS_DO_NOT_REFLECT_NAME","","","",""
"319","Pasos laterales rápidos","TAGS_DO_NOT_REFLECT_NAME","","","",""
"323","Subir y bajar step en 4 tiempos","TAGS_DO_NOT_REFLECT_NAME","","","",""
"325","Toque alternado de punta de pie","TAGS_DO_NOT_REFLECT_NAME","","","",""
"327","Pasos adelante y atrás","TAGS_DO_NOT_REFLECT_NAME","","","",""
"333","Rotaciones torácicas","TAGS_DO_NOT_REFLECT_NAME","","","",""
"365","Hiperextensiones inversas","TAGS_DO_NOT_REFLECT_NAME","","","",""
"383","Dominadas explosivas","TAGS_DO_NOT_REFLECT_NAME","","","",""
"457","Mountain climber cruzado","TAGS_DO_NOT_REFLECT_NAME","","","",""
"461","Zancadas dinámicas laterales","TAGS_DO_NOT_REFLECT_NAME","","","",""
"486","Mountain climber lento","TAGS_DO_NOT_REFLECT_NAME","","","",""
"487","Jumping jack con toque de talón","TAGS_DO_NOT_REFLECT_NAME","","","",""
"500","Farmer carry con giro","TAGS_DO_NOT_REFLECT_NAME","","","",""
"508","Farmer suitcase carry","TAGS_DO_NOT_REFLECT_NAME","","","",""
"527","Farmer carry con peso diferente","TAGS_DO_NOT_REFLECT_NAME","","","",""
"541","Turkish windmill","TAGS_DO_NOT_REFLECT_NAME","","","",""
"545","World's greatest stretch","TAGS_DO_NOT_REFLECT_NAME","","","",""
"546","Puente unilateral","TAGS_DO_NOT_REFLECT_NAME","","","",""
"547","Wrist extensor stretch","TAGS_DO_NOT_REFLECT_NAME","","","",""
"551","World's greatest stretch con hamstring","TAGS_DO_NOT_REFLECT_NAME","","","",""
"555","Dislocaciones con palo en agarre cerrado","TAGS_DO_NOT_REFLECT_NAME","","","",""
"561","Dislocaciones con palo en agarre ancho","TAGS_DO_NOT_REFLECT_NAME","","","",""
"563","Wrist flexor stretch","TAGS_DO_NOT_REFLECT_NAME","","","",""
"566","Hip external rotation","TAGS_DO_NOT_REFLECT_NAME","","","",""
"569","Shoulder cross-body","TAGS_DO_NOT_REFLECT_NAME","","","",""
"574","Hip internal rotation","TAGS_DO_NOT_REFLECT_NAME","","","",""
"576","Wrist mobility circles","TAGS_DO_NOT_REFLECT_NAME","","","",""
"579","Postura del guerrero II","TAGS_DO_NOT_REFLECT_NAME","","","",""
"582","Stretch de perro boca abajo","TAGS_DO_NOT_REFLECT_NAME","","","",""
"586","Postura del guerrero III","TAGS_DO_NOT_REFLECT_NAME","","","",""
"590","Yoga supine twist","TAGS_DO_NOT_REFLECT_NAME","","","",""
"596","Stretch de adductor lateral","TAGS_DO_NOT_REFLECT_NAME","","","",""
"606","Fascial stretch de línea media","TAGS_DO_NOT_REFLECT_NAME","","","",""
"607","Postura del cisne","TAGS_DO_NOT_REFLECT_NAME","","","",""
"608","Postura del perro","TAGS_DO_NOT_REFLECT_NAME","","","",""
"610","Yoga seated forward fold","TAGS_DO_NOT_REFLECT_NAME","","","",""
"611","Postura del puente","TAGS_DO_NOT_REFLECT_NAME","","","",""
"614","Yoga lunge twist","TAGS_DO_NOT_REFLECT_NAME","","","",""
"615","Postura del guerrero I","TAGS_DO_NOT_REFLECT_NAME","","","",""
"616","Stretch de adductor sentado","TAGS_DO_NOT_REFLECT_NAME","","","",""
"624","Medicine ball rotational throw","TAGS_DO_NOT_REFLECT_NAME","","","",""
"633","Depth landing","TAGS_DO_NOT_REFLECT_NAME","","","",""
"639","Medicine ball chest pass","TAGS_DO_NOT_REFLECT_NAME","","","",""
"650","Deadlift unilateral","TAGS_DO_NOT_REFLECT_NAME","","","",""
"654","Stability ball plank circle","TAGS_DO_NOT_REFLECT_NAME","","","",""
"663","Deadlift unilateral en bosu","TAGS_DO_NOT_REFLECT_NAME","","","",""
"671","Yoga side plank with leg raise","TAGS_DO_NOT_REFLECT_NAME","","","",""
"673","Puente con elevación de pierna","TAGS_DO_NOT_REFLECT_NAME","","","",""
"790","Técnica de levantar objetos","TAGS_DO_NOT_REFLECT_NAME","","","",""