severity,index,name,issue,value,duplicateCount,similarity,keyword,equipment
"WARNING","196","Deslizamiento escapular en pared","DUPLICATE_TAGS","","","","",""
"WARNING","200","Deslizamiento escapular con activación del serrato","DUPLICATE_TAGS","","","","",""
"WARNING","203","Empuje escapular acostado","DUPLICATE_TAGS","","","","",""
"WARNING","205","Rotación externa de hombro con banda","DUPLICATE_TAGS","","","","",""
"WARNING","206","Deslizamientos de hombros contra pared","DUPLICATE_TAGS","","","","",""
"WARNING","213","Extensión de hombros con banda","DUPLICATE_TAGS","","","","",""
"WARNING","218","Puente con foco en isquiotibiales","DUPLICATE_TAGS","","","","",""
"WARNING","221","Sentadilla con talones elevados","DUPLICATE_TAGS","","","","",""
"WARNING","293","Puente alternando piernas","DUPLICATE_TAGS","","","","",""
"WARNING","302","Puente de glúteos controlado","DUPLICATE_TAGS","","","","",""
"WARNING","37","Elevación de talones","DUPLICATE_NAME_DIFFERENT_DATA","","2","","",""
"WARNING","292","Elevación de talones","DUPLICATE_NAME_DIFFERENT_DATA","","2","","",""
"WARNING","48","Burpees","DUPLICATE_NAME_DIFFERENT_DATA","","2","","",""
"WARNING","282","Burpees","DUPLICATE_NAME_DIFFERENT_DATA","","2","","",""
"WARNING","53","Turkish get-up","DUPLICATE_NAME_DIFFERENT_DATA","","2","","",""
"WARNING","247","Turkish Get Up","DUPLICATE_NAME_DIFFERENT_DATA","","2","","",""
"WARNING","65","Gato-vaca","DUPLICATE_NAME_DIFFERENT_DATA","","3","","",""
"WARNING","237","Gato vaca","DUPLICATE_NAME_DIFFERENT_DATA","","3","","",""
"WARNING","334","Gato-vaca","DUPLICATE_NAME_DIFFERENT_DATA","","3","","",""
"WARNING","75","Estiramiento de hombros","DUPLICATE_NAME_DIFFERENT_DATA","","2","","",""
"WARNING","153","Estiramiento de hombros","DUPLICATE_NAME_DIFFERENT_DATA","","2","","",""
"WARNING","78","Estiramiento de espalda","DUPLICATE_NAME_DIFFERENT_DATA","","2","","",""
"WARNING","152","Estiramiento de espalda","DUPLICATE_NAME_DIFFERENT_DATA","","2","","",""
"WARNING","80","Postura del niño","DUPLICATE_NAME_DIFFERENT_DATA","","2","","",""
"WARNING","109","Postura del Niño","DUPLICATE_NAME_DIFFERENT_DATA","","2","","",""
"WARNING","86","Estiramiento de Glúteos acostado","DUPLICATE_NAME_DIFFERENT_DATA","","2","","",""
"WARNING","111","Estiramiento de Glúteos acostado","DUPLICATE_NAME_DIFFERENT_DATA","","2","","",""
"WARNING","92","Rotación de Cuello","DUPLICATE_NAME_DIFFERENT_DATA","","2","","",""
"WARNING","562","Rotación de cuello","DUPLICATE_NAME_DIFFERENT_DATA","","2","","",""
"WARNING","104","Estiramiento de Isquiotibiales sentado","DUPLICATE_NAME_DIFFERENT_DATA","","2","","",""
"WARNING","107","Estiramiento de Isquiotibiales sentado","DUPLICATE_NAME_DIFFERENT_DATA","","2","","",""
"WARNING","145","Rotaciones de cuello","DUPLICATE_NAME_DIFFERENT_DATA","","2","","",""
"WARNING","189","Rotaciones de cuello","DUPLICATE_NAME_DIFFERENT_DATA","","2","","",""
"WARNING","147","Caminata de oso","DUPLICATE_NAME_DIFFERENT_DATA","","2","","",""
"WARNING","318","Caminata de oso","DUPLICATE_NAME_DIFFERENT_DATA","","2","","",""
"WARNING","220","Sentadilla contra pared","DUPLICATE_NAME_DIFFERENT_DATA","","2","","",""
"WARNING","268","Sentadilla contra pared","DUPLICATE_NAME_DIFFERENT_DATA","","2","","",""
"WARNING","242","Plancha lateral","DUPLICATE_NAME_DIFFERENT_DATA","","2","","",""
"WARNING","447","Plancha lateral","DUPLICATE_NAME_DIFFERENT_DATA","","2","","",""
"WARNING","257","Shuffle reactivo","DUPLICATE_NAME_DIFFERENT_DATA","","2","","",""
"WARNING","261","Shuffle reactivo","DUPLICATE_NAME_DIFFERENT_DATA","","2","","",""
"WARNING","279","Sprint en pendiente","DUPLICATE_NAME_DIFFERENT_DATA","","2","","",""
"WARNING","495","Sprint en pendiente","DUPLICATE_NAME_DIFFERENT_DATA","","2","","",""
"WARNING","296","Mountain climber lento","DUPLICATE_NAME_DIFFERENT_DATA","","2","","",""
"WARNING","486","Mountain climber lento","DUPLICATE_NAME_DIFFERENT_DATA","","2","","",""
"WARNING","387","Sentadilla sissy","DUPLICATE_NAME_DIFFERENT_DATA","","2","","",""
"WARNING","653","Sentadilla sissy","DUPLICATE_NAME_DIFFERENT_DATA","","2","","",""
"WARNING","471","Step up lateral","DUPLICATE_NAME_DIFFERENT_DATA","","2","","",""
"WARNING","534","Step-up lateral","DUPLICATE_NAME_DIFFERENT_DATA","","2","","",""
"WARNING","591","Relajación progresiva de cuello","DUPLICATE_NAME_DIFFERENT_DATA","","2","","",""
"WARNING","755","Relajación progresiva de cuello","DUPLICATE_NAME_DIFFERENT_DATA","","2","","",""
"WARNING","7","Pull-over","GENERIC_DESCRIPTION","","","","",""
"WARNING","20","Face pull","GENERIC_DESCRIPTION","","","","",""
"WARNING","27","Extensiones en polea","GENERIC_DESCRIPTION","","","","",""
"WARNING","117","Salto al cajón","LOW_NAME_DESCRIPTION_RELATION","","","0.048","",""
"WARNING","118","Salto con peso corporal","LOW_NAME_DESCRIPTION_RELATION","","","0.056","",""
"WARNING","119","Lunges saltados","LOW_NAME_DESCRIPTION_RELATION","","","0","",""
"WARNING","120","Clapping push-ups","LOW_NAME_DESCRIPTION_RELATION","","","0","",""
"WARNING","121","Broad jump","LOW_NAME_DESCRIPTION_RELATION","","","0","",""
"WARNING","122","Tuck jump","LOW_NAME_DESCRIPTION_RELATION","","","0","",""
"WARNING","124","Skater jumps","LOW_NAME_DESCRIPTION_RELATION","","","0","",""
"WARNING","127","Pájaro en bosu","LOW_NAME_DESCRIPTION_RELATION","","","0.053","",""
"WARNING","128","Single leg deadlift","LOW_NAME_DESCRIPTION_RELATION","","","0","",""
"WARNING","140","Jumping jacks","LOW_NAME_DESCRIPTION_RELATION","","","0","",""
"WARNING","142","Arm circles","LOW_NAME_DESCRIPTION_RELATION","","","0","",""
"WARNING","143","Leg swings","LOW_NAME_DESCRIPTION_RELATION","","","0","",""
"WARNING","144","Trotar en el lugar","LOW_NAME_DESCRIPTION_RELATION","","","0","",""
"WARNING","150","Caminata lenta","GENERIC_DESCRIPTION","","","","",""
"WARNING","151","Respiración diafragmática","GENERIC_DESCRIPTION","","","","",""
"WARNING","152","Estiramiento de espalda","GENERIC_DESCRIPTION","","","","",""
"WARNING","153","Estiramiento de hombros","GENERIC_DESCRIPTION","","","","",""
"WARNING","154","Estiramiento de piernas","GENERIC_DESCRIPTION","","","","",""
"WARNING","155","Foam roller de espalda","GENERIC_DESCRIPTION","","","","",""
"WARNING","156","Shavasana","GENERIC_DESCRIPTION","","","","",""
"WARNING","157","Meditación","GENERIC_DESCRIPTION","","","","",""
"WARNING","158","Vacío abdominal","LOW_NAME_DESCRIPTION_RELATION","","","0","",""
"WARNING","159","Kegel","LOW_NAME_DESCRIPTION_RELATION","","","0","",""
"WARNING","160","Respiración costal","LOW_NAME_DESCRIPTION_RELATION","","","0","",""
"WARNING","161","Activación glútea","LOW_NAME_DESCRIPTION_RELATION","","","0","",""
"WARNING","163","Masaje con pelota","GENERIC_DESCRIPTION","","","","",""
"WARNING","164","Rotaciones de cadera en 90/90","GENERIC_DESCRIPTION","","","","",""
"WARNING","184","Retracción de mentón","GENERIC_DESCRIPTION","","","","",""
"WARNING","195","Rechazo escapular","LOW_NAME_DESCRIPTION_RELATION","","","0.059","",""
"WARNING","201","Depresión escapular","LOW_NAME_DESCRIPTION_RELATION","","","0.056","",""
"WARNING","202","Rotaciones escapulares","LOW_NAME_DESCRIPTION_RELATION","","","0","",""
"WARNING","219","Estocada isométrica","LOW_NAME_DESCRIPTION_RELATION","","","0.059","",""
"WARNING","236","Perro ave","LOW_NAME_DESCRIPTION_RELATION","","","0","",""
"WARNING","237","Gato vaca","LOW_NAME_DESCRIPTION_RELATION","","","0","",""
"WARNING","242","Plancha lateral","GENERIC_DESCRIPTION","","","","",""
"WARNING","245","Tire Flip","LOW_NAME_DESCRIPTION_RELATION","","","0","",""
"WARNING","249","Sprint multidireccional","LOW_NAME_DESCRIPTION_RELATION","","","0","",""
"WARNING","254","Cone Shuttle","LOW_NAME_DESCRIPTION_RELATION","","","0","",""
"WARNING","255","Power Clean","LOW_NAME_DESCRIPTION_RELATION","","","0","",""
"WARNING","256","Salto reactivo","LOW_NAME_DESCRIPTION_RELATION","","","0","",""
"WARNING","257","Shuffle reactivo","LOW_NAME_DESCRIPTION_RELATION","","","0.048","",""
"WARNING","258","Sprint reactivo","LOW_NAME_DESCRIPTION_RELATION","","","0.063","",""
"WARNING","261","Shuffle reactivo","LOW_NAME_DESCRIPTION_RELATION","","","0.056","",""
"WARNING","262","Step Jacks","LOW_NAME_DESCRIPTION_RELATION","","","0","",""
"WARNING","263","Marcha con rodillas elevadas","LOW_NAME_DESCRIPTION_RELATION","","","0.056","",""
"WARNING","264","Medio burpee","LOW_NAME_DESCRIPTION_RELATION","","","0.05","",""
"WARNING","267","Plancha con paso lateral","LOW_NAME_DESCRIPTION_RELATION","","","0.059","",""
"WARNING","270","Subidas al cajón","LOW_NAME_DESCRIPTION_RELATION","","","0.071","",""
"WARNING","274","Remo en plancha","LOW_NAME_DESCRIPTION_RELATION","","","0.05","",""
"WARNING","275","Swing con kettlebell","LOW_NAME_DESCRIPTION_RELATION","","","0.059","",""
"WARNING","280","Thruster con peso","LOW_NAME_DESCRIPTION_RELATION","","","0.059","",""
"WARNING","282","Burpees","LOW_NAME_DESCRIPTION_RELATION","","","0","",""
"WARNING","285","Skipping HIIT","LOW_NAME_DESCRIPTION_RELATION","","","0","",""
"WARNING","286","Saltos laterales","LOW_NAME_DESCRIPTION_RELATION","","","0.059","",""
"WARNING","289","Saltos al cajón","LOW_NAME_DESCRIPTION_RELATION","","","0.053","",""
"WARNING","290","Thrusters HIIT","LOW_NAME_DESCRIPTION_RELATION","","","0","",""
"WARNING","300","Equilibrio sobre una pierna","LOW_NAME_DESCRIPTION_RELATION","","","0.056","",""
"WARNING","305","Bear hold controlado","LOW_NAME_DESCRIPTION_RELATION","","","0","",""
"WARNING","306","Alcance controlado en pared","LOW_NAME_DESCRIPTION_RELATION","","","0.053","",""
"WARNING","308","Sentadilla muy lenta","LOW_NAME_DESCRIPTION_RELATION","","","0.05","",""
"WARNING","309","Zancada controlada","LOW_NAME_DESCRIPTION_RELATION","","","0.063","",""
"WARNING","313","Marcha coordinada","LOW_NAME_DESCRIPTION_RELATION","","","0.056","",""
"WARNING","314","Rodillas altas coordinadas","LOW_NAME_DESCRIPTION_RELATION","","","0.063","",""
"WARNING","315","Paso lateral cruzado","LOW_NAME_DESCRIPTION_RELATION","","","0.056","",""
"WARNING","318","Caminata de oso","LOW_NAME_DESCRIPTION_RELATION","","","0","",""
"WARNING","319","Pasos laterales rápidos","LOW_NAME_DESCRIPTION_RELATION","","","0","",""
"WARNING","322","Paso lateral alternado","LOW_NAME_DESCRIPTION_RELATION","","","0.077","",""
"WARNING","324","Saltos coordinados","LOW_NAME_DESCRIPTION_RELATION","","","0","",""
"WARNING","333","Rotaciones torácicas","LOW_NAME_DESCRIPTION_RELATION","","","0","",""
"WARNING","334","Gato-vaca","LOW_NAME_DESCRIPTION_RELATION","","","0","",""
"WARNING","483","Caminata rápida","LOW_NAME_DESCRIPTION_RELATION","","","0","",""
"WARNING","485","Burpees con push-up","LOW_NAME_DESCRIPTION_RELATION","","","0","",""
"WARNING","486","Mountain climber lento","LOW_NAME_DESCRIPTION_RELATION","","","0","",""
"WARNING","493","Remo HIIT","LOW_NAME_DESCRIPTION_RELATION","","","0.05","",""
"WARNING","496","Escalador de montaña","LOW_NAME_DESCRIPTION_RELATION","","","0.045","",""
"WARNING","497","Bird dog contralateral","LOW_NAME_DESCRIPTION_RELATION","","","0.048","",""
"WARNING","498","Sled reverse","LOW_NAME_DESCRIPTION_RELATION","","","0","",""
"WARNING","500","Farmer carry con giro","LOW_NAME_DESCRIPTION_RELATION","","","0.053","",""
"WARNING","502","Sled lateral push","LOW_NAME_DESCRIPTION_RELATION","","","0.067","",""
"WARNING","503","Bear crawl","LOW_NAME_DESCRIPTION_RELATION","","","0","",""
"WARNING","506","Kettlebell goblet squat","LOW_NAME_DESCRIPTION_RELATION","","","0.056","",""
"WARNING","508","Farmer suitcase carry","LOW_NAME_DESCRIPTION_RELATION","","","0.042","",""
"WARNING","509","Box lateral jump","LOW_NAME_DESCRIPTION_RELATION","","","0.053","",""
"WARNING","511","Bird dog","LOW_NAME_DESCRIPTION_RELATION","","","0","",""
"WARNING","718","Marcha lateral","LOW_NAME_DESCRIPTION_RELATION","","","0.048","",""
"WARNING","223","Subida en reversa al step","NAME_EQUIPMENT_POSSIBLE_MISMATCH","","","","step","Peso corporal"
"WARNING","262","Step Jacks","NAME_EQUIPMENT_POSSIBLE_MISMATCH","","","","step","Peso corporal"
"WARNING","397","Hip thrust con barra smith","NAME_EQUIPMENT_POSSIBLE_MISMATCH","","","","barra","Máquina Smith"
"WARNING","458","Step up con mancuerna","NAME_EQUIPMENT_POSSIBLE_MISMATCH","","","","step","Mancuernas"
"WARNING","471","Step up lateral","NAME_EQUIPMENT_POSSIBLE_MISMATCH","","","","step","Banco"
"WARNING","472","Step up con salto","NAME_EQUIPMENT_POSSIBLE_MISMATCH","","","","step","Banco"
"WARNING","492","Step up rápido","NAME_EQUIPMENT_POSSIBLE_MISMATCH","","","","step","Banco"
"WARNING","523","Step-up con press","NAME_EQUIPMENT_POSSIBLE_MISMATCH","","","","step","Mancuernas"
"WARNING","534","Step-up lateral","NAME_EQUIPMENT_POSSIBLE_MISMATCH","","","","step","Banco"
"WARNING","619","Plyo step-jump","NAME_EQUIPMENT_POSSIBLE_MISMATCH","","","","step","Banco"
"WARNING","622","Plyo step-over","NAME_EQUIPMENT_POSSIBLE_MISMATCH","","","","step","Cajón pliométrico"
"WARNING","634","Plyo lateral step-up","NAME_EQUIPMENT_POSSIBLE_MISMATCH","","","","step","Banco"
"WARNING","638","Plyo step-down","NAME_EQUIPMENT_POSSIBLE_MISMATCH","","","","step","Banco"
"WARNING","643","Plyo step-up","NAME_EQUIPMENT_POSSIBLE_MISMATCH","","","","step","Banco"
"WARNING","55","Desplantes laterales","TAGS_DO_NOT_REFLECT_NAME","","","","",""
"WARNING","70","Thoracic rotation","TAGS_DO_NOT_REFLECT_NAME","","","","",""
"WARNING","117","Salto al cajón","TAGS_DO_NOT_REFLECT_NAME","","","","",""
"WARNING","118","Salto con peso corporal","TAGS_DO_NOT_REFLECT_NAME","","","","",""
"WARNING","119","Lunges saltados","TAGS_DO_NOT_REFLECT_NAME","","","","",""
"WARNING","195","Rechazo escapular","TAGS_DO_NOT_REFLECT_NAME","","","","",""
"WARNING","202","Rotaciones escapulares","TAGS_DO_NOT_REFLECT_NAME","","","","",""
"WARNING","203","Empuje escapular acostado","TAGS_DO_NOT_REFLECT_NAME","","","","",""
"WARNING","215","Descenso desde cajón","TAGS_DO_NOT_REFLECT_NAME","","","","",""
"WARNING","223","Subida en reversa al step","TAGS_DO_NOT_REFLECT_NAME","","","","",""
"WARNING","226","Elevación sobre las puntas de los pies","TAGS_DO_NOT_REFLECT_NAME","","","","",""
"WARNING","227","Elevación de la punta del pie","TAGS_DO_NOT_REFLECT_NAME","","","","",""
"WARNING","234","Inclinación pélvica","TAGS_DO_NOT_REFLECT_NAME","","","","",""
"WARNING","250","Escalera de sprints","TAGS_DO_NOT_REFLECT_NAME","","","","",""
"WARNING","303","Caminata talón-punta","TAGS_DO_NOT_REFLECT_NAME","","","","",""
"WARNING","310","Sostén de brazo extendido","TAGS_DO_NOT_REFLECT_NAME","","","","",""
"WARNING","317","Toque de rodilla con mano opuesta","TAGS_DO_NOT_REFLECT_NAME","","","","",""
"WARNING","319","Pasos laterales rápidos","TAGS_DO_NOT_REFLECT_NAME","","","","",""
"WARNING","323","Subir y bajar step en 4 tiempos","TAGS_DO_NOT_REFLECT_NAME","","","","",""
"WARNING","325","Toque alternado de punta de pie","TAGS_DO_NOT_REFLECT_NAME","","","","",""
"WARNING","327","Pasos adelante y atrás","TAGS_DO_NOT_REFLECT_NAME","","","","",""
"WARNING","333","Rotaciones torácicas","TAGS_DO_NOT_REFLECT_NAME","","","","",""
"WARNING","365","Hiperextensiones inversas","TAGS_DO_NOT_REFLECT_NAME","","","","",""
"WARNING","383","Dominadas explosivas","TAGS_DO_NOT_REFLECT_NAME","","","","",""
"WARNING","457","Mountain climber cruzado","TAGS_DO_NOT_REFLECT_NAME","","","","",""
"WARNING","461","Zancadas dinámicas laterales","TAGS_DO_NOT_REFLECT_NAME","","","","",""
"WARNING","486","Mountain climber lento","TAGS_DO_NOT_REFLECT_NAME","","","","",""
"WARNING","487","Jumping jack con toque de talón","TAGS_DO_NOT_REFLECT_NAME","","","","",""
"WARNING","500","Farmer carry con giro","TAGS_DO_NOT_REFLECT_NAME","","","","",""
"WARNING","508","Farmer suitcase carry","TAGS_DO_NOT_REFLECT_NAME","","","","",""
"WARNING","527","Farmer carry con peso diferente","TAGS_DO_NOT_REFLECT_NAME","","","","",""
"WARNING","541","Turkish windmill","TAGS_DO_NOT_REFLECT_NAME","","","","",""
"WARNING","545","World's greatest stretch","TAGS_DO_NOT_REFLECT_NAME","","","","",""
"WARNING","546","Puente unilateral","TAGS_DO_NOT_REFLECT_NAME","","","","",""
"WARNING","547","Wrist extensor stretch","TAGS_DO_NOT_REFLECT_NAME","","","","",""
"WARNING","551","World's greatest stretch con hamstring","TAGS_DO_NOT_REFLECT_NAME","","","","",""
"WARNING","555","Dislocaciones con palo en agarre cerrado","TAGS_DO_NOT_REFLECT_NAME","","","","",""
"WARNING","561","Dislocaciones con palo en agarre ancho","TAGS_DO_NOT_REFLECT_NAME","","","","",""
"WARNING","563","Wrist flexor stretch","TAGS_DO_NOT_REFLECT_NAME","","","","",""
"WARNING","566","Hip external rotation","TAGS_DO_NOT_REFLECT_NAME","","","","",""
"WARNING","569","Shoulder cross-body","TAGS_DO_NOT_REFLECT_NAME","","","","",""
"WARNING","574","Hip internal rotation","TAGS_DO_NOT_REFLECT_NAME","","","","",""
"WARNING","576","Wrist mobility circles","TAGS_DO_NOT_REFLECT_NAME","","","","",""
"WARNING","579","Postura del guerrero II","TAGS_DO_NOT_REFLECT_NAME","","","","",""
"WARNING","582","Stretch de perro boca abajo","TAGS_DO_NOT_REFLECT_NAME","","","","",""
"WARNING","586","Postura del guerrero III","TAGS_DO_NOT_REFLECT_NAME","","","","",""
"WARNING","590","Yoga supine twist","TAGS_DO_NOT_REFLECT_NAME","","","","",""
"WARNING","596","Stretch de adductor lateral","TAGS_DO_NOT_REFLECT_NAME","","","","",""
"WARNING","606","Fascial stretch de línea media","TAGS_DO_NOT_REFLECT_NAME","","","","",""
"WARNING","607","Postura del cisne","TAGS_DO_NOT_REFLECT_NAME","","","","",""
"WARNING","608","Postura del perro","TAGS_DO_NOT_REFLECT_NAME","","","","",""
"WARNING","610","Yoga seated forward fold","TAGS_DO_NOT_REFLECT_NAME","","","","",""
"WARNING","611","Postura del puente","TAGS_DO_NOT_REFLECT_NAME","","","","",""
"WARNING","614","Yoga lunge twist","TAGS_DO_NOT_REFLECT_NAME","","","","",""
"WARNING","615","Postura del guerrero I","TAGS_DO_NOT_REFLECT_NAME","","","","",""
"WARNING","616","Stretch de adductor sentado","TAGS_DO_NOT_REFLECT_NAME","","","","",""
"WARNING","624","Medicine ball rotational throw","TAGS_DO_NOT_REFLECT_NAME","","","","",""
"WARNING","633","Depth landing","TAGS_DO_NOT_REFLECT_NAME","","","","",""
"WARNING","639","Medicine ball chest pass","TAGS_DO_NOT_REFLECT_NAME","","","","",""
"WARNING","650","Deadlift unilateral","TAGS_DO_NOT_REFLECT_NAME","","","","",""
"WARNING","654","Stability ball plank circle","TAGS_DO_NOT_REFLECT_NAME","","","","",""
"WARNING","663","Deadlift unilateral en bosu","TAGS_DO_NOT_REFLECT_NAME","","","","",""
"WARNING","671","Yoga side plank with leg raise","TAGS_DO_NOT_REFLECT_NAME","","","","",""
"WARNING","673","Puente con elevación de pierna","TAGS_DO_NOT_REFLECT_NAME","","","","",""
"WARNING","790","Técnica de levantar objetos","TAGS_DO_NOT_REFLECT_NAME","","","","",""